model,ctrl_fail_rate,treat_fail_rate,chi2,p_value,significant
llama-3.3-70b,0.3005586592178771,0.33128491620111733,3.7689394144527135,0.0522127296106353,No
mistral-large,0.0,0.0,0.0,1.0,No
gemini-2.5-flash,0.30645833333333333,0.3385416666666667,11.160216253325324,0.0008357018090831224,Yes
gpt-4.1-mini,0.0,0.0,0.0,1.0,No
claude-3.5-sonnet,0.024791666666666667,0.04125,19.84782059808116,8.38582856564555e-06,Yes
deepseek-v3-together,0.005625,0.009791666666666667,4.916274662233091,0.026604825153377025,Yes
minimax-m2.5,0.82375,0.9004166666666666,118.00350155291974,1.7308218612862274e-27,Yes
llama-3.1-8b,0.0006944444444444445,0.001388888888888889,0.0,1.0,No
